{
    "0.43684415440549906": {
        "user_id": 1
    },
    "0.4817934294567012": {
        "user_id": 1
    },
    "0.8294780466571521": {
        "user_id": 1
    },
    "0.3644640121286593": {
        "user_id": 1
    },
    "0.23420035275894913": {
        "user_id": 1
    },
    "0.04027765357448865": {
        "user_id": 3
    }
}